confirmed,recovered,deaths,country,population,sq_km_area,life_expectancy,elevation_in_meters,continent,abbreviation,location,iso,capital_city,lat,long,updated
111592,66799,4519,Afghanistan,35530081,652090,45.9,,Asia,AF,Southern and Central Asia,4,Kabul,33.93911,67.709953,2021/06/25 13:21:42+00
132499,129966,2455,Albania,2930187,28748,71.6,,Europe,AL,Southern Europe,8,Tirana,41.1533,20.1683,2021/06/25 13:21:42+00
137403,95599,3669,Algeria,41318142,2381741,69.7,800,Africa,DZ,Northern Africa,12,Alger,28.0339,1.6596,2021/06/25 13:21:42+00
13877,13694,127,Andorra,76965,468,83.5,"1,996",Europe,AD,Southern Europe,20,Andorra la Vella,42.5063,1.5218,2021/06/25 14:21:45+00
38091,32340,881,Angola,29784193,1246700,38.3,"1,112",Africa,AO,Central Africa,24,Luanda,-11.2027,17.8739,2021/06/25 14:21:45+00
1263,1221,42,Antigua and Barbuda,102012,442,70.5,,North America,AG,Caribbean,28,Saint John's,17.0608,-61.7964,2021/06/25 14:21:45+00
4350564,3967633,91438,Argentina,44271041,2780400,75.1,595,South America,AR,South America,32,Buenos Aires,-38.4161,-63.6167,2021/06/25 14:21:45+00
224635,216423,4505,Armenia,2930450,29800,66.4,"1,792",Asia,AM,Middle East,51,Yerevan,40.0691,45.0382,2021/06/25 14:21:45+00
30424,23763,910,Australia,24450561,7741220,79.8,330,Oceania,AU,Australia and New Zealand,36,Canberra,,,
650016,637051,10700,Austria,8735453,83859,77.7,910,Europe,AT,Western Europe,40,Wien,47.5162,14.5501,2021/06/25 14:21:45+00
335741,329959,4967,Azerbaijan,9827589,86600,62.9,384,Asia,AZ,Middle East,31,Baku,40.1431,47.5769,2021/06/25 14:21:45+00
12407,11393,244,Bahamas,395361,13878,71.1,,North America,BS,Caribbean,44,Nassau,25.025885,-78.035889,2021/06/25 14:21:45+00
264405,257757,1334,Bahrain,1492584,694,73,,Asia,BH,Middle East,48,al-Manama,26.0275,50.55,2021/06/25 14:21:45+00
878804,797559,13976,Bangladesh,164669751,143998,60.2,85,Asia,BD,Southern and Central Asia,50,Dhaka,23.685,90.3563,2021/06/25 14:21:45+00
4057,3992,47,Barbados,285719,430,73,,North America,BB,Caribbean,52,Bridgetown,13.1939,-59.5432,2021/06/25 14:21:45+00
413952,406686,3093,Belarus,9468338,207600,68,160,Europe,BY,Eastern Europe,112,Minsk,53.7098,27.9534,2021/06/25 14:21:45+00
1081908,0,25152,Belgium,11429336,30518,77.8,181,Europe,BE,Western Europe,56,Bruxelles [Brussel],,,
13104,12595,329,Belize,374681,22696,70.9,173,North America,BZ,Central America,84,Belmopan,17.1899,-88.4976,2021/06/25 14:21:45+00
8170,8000,104,Benin,11175692,112622,50.2,273,Africa,BJ,Western Africa,204,Porto-Novo,9.3077,2.3158,2021/06/25 14:21:45+00
2013,1740,1,Bhutan,807610,47000,52.4,"3,280",Asia,BT,Southern and Central Asia,64,Thimphu,27.5142,90.4336,2021/06/25 14:21:45+00
429178,348915,16414,Bolivia,11051600,1098581,63.7,"1,192",South America,BO,South America,68,La Paz,-16.2902,-63.5887,2021/06/25 14:21:45+00
204945,181725,9655,Bosnia and Herzegovina,3507017,51197,71.5,500,Europe,BA,Southern Europe,70,Sarajevo,43.9159,17.6791,2021/06/25 14:21:45+00
67492,61341,1095,Botswana,2291661,581730,39.3,"1,013",Africa,BW,Southern Africa,72,Gaborone,-22.3285,24.6849,2021/06/25 14:21:45+00
18243483,16038230,509141,Brazil,209288278,8547403,62.9,320,South America,BR,South America,76,Bras√≠lia,,,
256,245,3,Brunei,428697,5765,73.6,478,Asia,BN,Southeast Asia,96,Bandar Seri Begawan,4.5353,114.7277,2021/06/25 13:21:42+00
421401,393948,18022,Bulgaria,7084571,110994,70.9,472,Europe,BG,Eastern Europe,100,Sofia,42.7339,25.4858,2021/06/25 14:21:45+00
13474,13295,168,Burkina Faso,19193382,274000,46.7,297,Africa,BF,Western Africa,854,Ouagadougou,12.2383,-1.5616,2021/06/25 14:21:45+00
150714,134589,3275,,,,,,,,,,,21.9162,95.956,2021/06/25 14:21:45+00
5334,773,8,Burundi,10864245,27834,46.2,"1,504",Africa,BI,Eastern Africa,108,Bujumbura,-3.3731,29.9189,2021/06/25 14:21:45+00
32257,31276,285,,,,,,,,,,,16.5388,-23.0418,2021/06/25 14:21:45+00
46065,40769,509,Cambodia,16005373,181035,56.5,126,Asia,KH,Southeast Asia,116,Phnom Penh,11.55,104.9167,2021/06/25 14:21:45+00
80487,35261,1320,Cameroon,24053727,475442,54.8,667,Africa,CM,Central Africa,120,Yaound,3.848,11.5021,2021/06/25 14:21:45+00
1419345,1383535,26164,Canada,36624199,9970610,79.4,487,North America,CA,North America,124,Ottawa,,,
7139,6859,98,Central African Republic,4659080,622984,44,635,Africa,CF,Central Africa,140,Bangui,6.6111,20.9394,2021/06/25 14:21:45+00
4951,4769,174,Chad,14899994,1284000,50.5,543,Africa,TD,Central Africa,148,N'Djam,15.4542,18.7322,2021/06/25 14:21:45+00
1531872,1468137,31797,Chile,18054726,756626,75.7,"1,871",South America,CL,South America,152,Santiago de Chile,,,
103655,98243,4847,China,1409517397,9572900,71.4,"1,840",Asia,CN,Eastern Asia,156,Peking,,,
4060013,3769887,102636,Colombia,49065615,1138914,70.3,593,South America,CO,South America,170,Santaf,,,
3912,3745,146,Comoros,813912,1862,60,,Africa,KM,Eastern Africa,174,Moroni,-11.6455,43.3333,2021/06/25 14:21:45+00
12404,11211,164,,,,,,,,,,,-0.228,15.8277,2021/06/25 14:21:45+00
38936,28115,896,,,,,,,,,,,-4.0383,21.7587,2021/06/25 14:21:45+00
359266,285356,4581,Costa Rica,4905769,51100,75.8,746,North America,CR,Central America,188,San Jos,9.7489,-83.7534,2021/06/25 14:21:45+00
48058,47511,309,Cote d'Ivoire,24294750,322463,45.2,250,Africa,CI,Western Africa,384,Yamoussoukro,7.54,-5.5471,2021/06/25 14:21:45+00
359521,350773,8196,Croatia,4189353,56538,73.7,331,Europe,HR,Southern Europe,191,Zagreb,45.1,15.2,2021/06/25 14:21:45+00
174789,164038,1209,Cuba,11484636,110861,76.2,108,North America,CU,Caribbean,192,La Habana,21.521757,-77.781167,2021/06/25 14:21:45+00
74174,39061,374,Cyprus,1179551,9251,76.7,91,Asia,CY,Middle East,196,Nicosia,35.1264,33.4299,2021/06/25 14:21:45+00
1666686,1634292,30292,Czechia,10618303,78866,74.5,433,Europe,CZ,Eastern Europe,203,Praha,49.8175,15.473,2021/06/25 14:21:45+00
293394,287584,2532,Denmark,5733551,43094,76.5,34,Europe,DK,Nordic Countries,208,Copenhagen,56.2639,9.5018,2021/06/25 14:21:45+00
712,699,13,,,,,,,,,,,,,2021/06/25 14:21:45+00
11597,11436,155,Djibouti,956985,23200,50.8,430,Africa,DJ,Eastern Africa,262,Djibouti,11.8251,42.5903,2021/06/25 14:21:45+00
192,189,0,Dominica,73925,751,73.4,,North America,DM,Caribbean,212,Roseau,15.415,-61.371,2021/06/25 14:21:45+00
320136,261405,3781,Dominican Republic,10766998,48511,73.2,424,North America,DO,Caribbean,214,Santo Domingo de Guzm,18.7357,-70.1627,2021/06/25 14:21:45+00
449483,415508,21377,Ecuador,16624858,283561,71.1,"1,117",South America,EC,South America,218,Quito,-1.8312,-78.1834,2021/06/25 14:21:45+00
279184,208192,16002,Egypt,97553151,1001449,63.3,321,Africa,EG,Northern Africa,818,Cairo,26.820553,30.802498,2021/06/25 14:21:45+00
77484,71603,2356,El Salvador,6377853,21041,69.7,442,North America,SV,Central America,222,San Salvador,13.7942,-88.8965,2021/06/25 14:21:45+00
8712,8506,120,Equatorial Guinea,1267689,28051,53.6,577,Africa,GQ,Central Africa,226,Malabo,1.6508,10.2679,2021/06/25 14:21:45+00
5664,5147,21,Eritrea,5068831,117600,55.8,853,Africa,ER,Eastern Africa,232,Asmara,15.1794,39.7823,2021/06/25 14:21:45+00
130908,127046,1269,Estonia,1309632,45227,69.5,61,Europe,EE,Baltic Countries,233,Tallinn,58.5953,25.0136,2021/06/25 14:21:45+00
18947,18059,678,,,,,,,,,,,-26.5225,31.4659,2021/06/25 14:21:45+00
275601,257429,4296,Ethiopia,104957438,1104300,45.2,"1,330",Africa,ET,Eastern Africa,231,Addis Abeba,9.145,40.4897,2021/06/25 14:21:45+00
3063,675,14,Fiji,905502,18274,67.9,,Oceania,FJ,Melanesia,,Suva,-17.7134,178.065,2021/06/25 14:21:45+00
94719,46000,969,Finland,5523231,338145,77.4,164,Europe,FI,Nordic Countries,246,Helsinki [Helsingfors],61.92411,25.748151,2021/06/25 14:21:45+00
5826519,403797,111068,France,64979548,551500,78.8,375,Europe,FR,Western Europe,250,Paris,46.2276,2.2137,2021/06/25 14:21:45+00
24958,24509,159,Gabon,2025137,267668,50.1,377,Africa,GA,Central Africa,266,Libreville,-0.8037,11.6094,2021/06/25 14:21:45+00
6054,5844,181,Gambia,2100568,11295,53.2,34,Africa,GM,Western Africa,270,Banjul,13.4432,-15.3101,2021/06/25 14:21:45+00
362183,348267,5237,Georgia,3912061,69700,64.5,"1,432",Asia,GE,Middle East,268,Tbilisi,42.3154,43.3569,2021/06/25 14:21:45+00
3733062,3616230,90690,Germany,82114224,357022,77.4,263,Europe,DE,Western Europe,276,Berlin,,,
95259,93148,794,Ghana,28833629,238533,57.4,190,Africa,GH,Western Africa,288,Accra,7.9465,-1.0232,2021/06/25 14:21:45+00
419909,93764,12604,Greece,11159773,131626,78.4,498,Europe,GR,Southern Europe,300,Athenai,39.0742,21.8243,2021/06/25 14:21:45+00
161,160,1,Grenada,107825,344,64.5,,North America,GD,Caribbean,308,Saint George's,12.1165,-61.679,2021/06/25 14:21:45+00
286708,258646,8894,Guatemala,16913503,108889,66.2,759,North America,GT,Central America,320,Ciudad de Guatemala,15.7835,-90.2308,2021/06/25 14:21:45+00
23615,22379,168,Guinea,12717176,245857,45.6,472,Africa,GN,Western Africa,324,Conakry,9.9456,-9.6966,2021/06/25 14:21:45+00
3844,3569,69,Guinea-Bissau,1861283,36125,49,70,Africa,GW,Western Africa,624,Bissau,11.8037,-15.1804,2021/06/25 14:21:45+00
19565,17405,458,Guyana,777859,214969,64,207,South America,GY,South America,328,Georgetown,4.860416,-58.93018,2021/06/25 14:21:45+00
17963,12777,400,Haiti,10981229,27750,49.2,470,North America,HT,Caribbean,332,Port-au-Prince,18.9712,-72.2852,2021/06/25 14:21:45+00
27,27,0,Holy See,1000,0.4,,,Europe,VA,Southern Europe,,Citt,41.9029,12.4534,2021/06/25 14:21:45+00
256818,92187,6879,Honduras,9265067,112088,69.9,684,North America,HN,Central America,340,Tegucigalpa,15.2,-86.2419,2021/06/25 14:21:45+00
807910,737233,29980,Hungary,9721559,93030,71.4,143,Europe,HU,Eastern Europe,348,Budapest,47.1625,19.5033,2021/06/25 14:21:45+00
6555,6476,29,Iceland,335025,103000,79.4,557,Europe,IS,Nordic Countries,352,Reykjav,64.9631,-19.0208,2021/06/25 14:21:45+00
30134445,29128267,393310,India,1339180127,3287263,62.5,160,Asia,IN,Southern and Central Asia,356,New Delhi,,,
2072867,1835061,56371,Indonesia,263991379,1904569,70.1,367,Asia,ID,Southeast Asia,360,Jakarta,-0.7893,113.9213,2021/06/25 13:21:42+00
3150949,2809595,83588,Iran,81162788,1648195,69.7,"1,305",Asia,IR,Southern and Central Asia,364,Tehran,32.427908,53.688046,2021/06/25 13:21:42+00
1316418,1222494,17033,Iraq,38274618,438317,66.5,312,Asia,IQ,Middle East,368,Baghdad,33.223191,43.679291,2021/06/25 14:21:45+00
270097,23364,4989,Ireland,4761657,70273,76.8,118,Europe,IE,British Isles,372,Dublin,53.1424,-7.6921,2021/06/25 13:21:42+00
840522,833117,6429,Israel,8321570,21056,78.6,508,Asia,IL,Middle East,376,Jerusalem,31.046051,34.851612,2021/06/25 14:21:45+00
4255700,4066029,127362,Italy,59359900,301316,79,538,Europe,IT,Southern Europe,380,Roma,,,
49841,29322,1049,Jamaica,2890299,10990,75.2,18,North America,JM,Caribbean,388,Kingston,18.1096,-77.2975,2021/06/25 14:21:45+00
793161,758017,14582,Japan,127484450,377829,80.7,438,Asia,JP,Eastern Asia,392,Tokyo,,,
748685,732475,9703,Jordan,9702353,88946,77.4,812,Asia,JO,Middle East,400,Amman,31.24,36.51,2021/06/25 14:21:45+00
471498,441455,3518,Kazakhstan,18204499,2724900,63.2,,Asia,KZ,Southern and Central Asia,,Astana,48.0196,66.9237,2021/06/25 14:21:45+00
181239,123462,3538,Kenya,49699862,580367,48,762,Africa,KE,Eastern Africa,404,Nairobi,-0.0236,37.9062,2021/06/25 14:21:45+00
2,0,0,Kiribati,116398,726,59.8,,Oceania,KI,Micronesia,296,Bairiki,-3.3704,-168.734,2021/06/25 14:21:45+00
153789,145389,2009,"Korea, South",50982212,99434,74.4,282,Asia,KR,Eastern Asia,410,Seoul,35.907757,127.766922,2021/06/25 14:21:45+00
107299,105064,2260,,,,,,,,,,,42.602636,20.902977,2021/06/25 14:21:45+00
346560,326102,1903,Kuwait,4136528,17818,76.1,108,Asia,KW,Middle East,414,Kuwait,29.31166,47.481766,2021/06/25 14:21:45+00
118981,107391,1964,Kyrgyzstan,6045117,199900,63.4,"2,988",Asia,KG,Southern and Central Asia,417,Bishkek,41.20438,74.766098,2021/06/25 14:21:45+00
2094,1968,3,Laos,6858160,236800,53.1,710,Asia,LA,Southeast Asia,418,Vientiane,19.85627,102.495496,2021/06/25 14:21:45+00
137130,133313,2501,Latvia,1949670,64589,68.4,87,Europe,LV,Baltic Countries,428,Riga,56.8796,24.6032,2021/06/25 13:21:42+00
544002,531156,7835,Lebanon,6082357,10400,71.3,"1,250",Asia,LB,Middle East,422,Beirut,33.8547,35.8623,2021/06/25 14:21:45+00
11168,6445,329,Lesotho,2233339,30355,50.8,"2,161",Africa,LS,Southern Africa,426,Maseru,-29.61,28.2336,2021/06/25 14:21:45+00
3265,2222,110,Liberia,4731906,111369,51,243,Africa,LR,Western Africa,430,Monrovia,6.428055,-9.429499,2021/06/25 14:21:45+00
192129,177358,3185,Libya,5605000,1759540,75.5,,Africa,LY,Northern Africa,,Tripoli,26.3351,17.228331,2021/06/25 14:21:45+00
3031,2957,59,Liechtenstein,37922,160,78.8,,Europe,LI,Western Europe,438,Vaduz,47.14,9.55,2021/06/25 14:21:45+00
278608,267155,4378,Lithuania,2890297,65301,69.1,110,Europe,LT,Baltic Countries,440,Vilnius,55.1694,23.8813,2021/06/25 14:21:45+00
70586,69555,818,Luxembourg,583455,2586,77.1,325,Europe,LU,Western Europe,442,Luxembourg [Luxemburg/L,49.8153,6.1296,2021/06/25 14:21:45+00
9,7,2,,,,,,,,,,,,,2021/06/25 14:21:45+00
42194,40569,906,Madagascar,25570895,587041,55,615,Africa,MG,Eastern Africa,450,Antananarivo,-18.766947,46.869107,2021/06/25 14:21:45+00
35219,32974,1178,Malawi,18622104,118484,37.6,779,Africa,MW,Eastern Africa,454,Lilongwe,-13.2543,34.3015,2021/06/25 14:21:45+00
722659,657739,4803,Malaysia,31624264,329758,70.8,538,Asia,MY,Southeast Asia,458,Kuala Lumpur,4.210484,101.975766,2021/06/25 14:21:45+00
72678,68197,207,Maldives,436330,298,62.2,1.8,Asia,MV,Southern and Central Asia,462,Male,3.2028,73.2207,2021/06/25 14:21:45+00
14396,10043,525,Mali,18541980,1240192,46.7,343,Africa,ML,Western Africa,466,Bamako,17.570692,-3.996166,2021/06/25 14:21:45+00
30603,30154,420,Malta,430835,316,77.9,,Europe,MT,Southern Europe,470,Valletta,35.9375,14.3754,2021/06/25 14:21:45+00
4,4,0,Marshall Islands,53127,181,65.5,,Oceania,MH,Micronesia,584,Dalap-Uliga-Darrit,7.1315,171.1845,2021/06/25 14:21:45+00
20512,19548,483,Mauritania,4420184,1025520,50.8,276,Africa,MR,Western Africa,478,Nouakchott,21.0079,-10.9408,2021/06/25 14:21:45+00
1779,1331,18,Mauritius,1265138,2040,71,,Africa,MU,Eastern Africa,480,Port-Louis,-20.348404,57.552152,2021/06/25 14:21:45+00
2493087,1982674,232068,Mexico,129163276,1958201,71.5,"1,111",North America,MX,Central America,484,Ciudad de M,19.4969,-99.7233,
1,1,0,,,,,,,,,,,7.4256,150.5508,2021/06/25 14:21:45+00
256387,249381,6180,Moldova,4051212,33851,64.5,139,Europe,MD,Eastern Europe,498,Chisinau,47.4116,28.3699,2021/06/25 14:21:45+00
2562,2496,33,Monaco,38695,1.5,78.8,,Europe,MC,Western Europe,492,Monaco-Ville,43.7333,7.4167,2021/06/25 14:21:45+00
104900,67579,493,Mongolia,3075647,1566500,67.3,"1,528",Asia,MN,Eastern Asia,496,Ulan Bator,46.8625,103.8467,2021/06/25 14:21:45+00
100131,98243,1609,,,,,,,,,,,42.708678,19.37439,2021/06/25 14:21:45+00
528180,515030,9265,Morocco,35739580,446550,69.1,909,Africa,MA,Northern Africa,504,Rabat,31.7917,-7.0926,2021/06/25 14:21:45+00
73652,70352,863,Mozambique,29668834,801590,37.5,345,Africa,MZ,Eastern Africa,508,Maputo,-18.665695,35.529562,2021/06/25 14:21:45+00
78723,62026,1279,Namibia,2533794,824292,42.5,"1,141",Africa,NA,Southern Africa,516,Windhoek,-22.9576,18.4904,2021/06/25 14:21:45+00
631152,576413,8945,Nepal,29304998,147181,57.8,"3,265",Asia,NP,Southern and Central Asia,524,Kathmandu,28.1667,84.25,2021/06/25 14:21:45+00
1709902,27267,18023,Netherlands,17035938,41526,78.3,30,Europe,NL,Western Europe,528,Amsterdam,,,
2726,2680,26,New Zealand,4705818,270534,77.8,388,Oceania,NZ,Australia and New Zealand,554,Wellington,-40.9006,174.886,2021/06/25 14:21:45+00
7920,4225,189,Nicaragua,6217581,130000,68.7,298,North America,NI,Central America,558,Managua,12.865416,-85.207229,2021/06/25 14:21:45+00
5475,5199,193,Niger,21477348,1267000,41.3,474,Africa,NE,Western Africa,562,Niamey,17.607789,8.081666,2021/06/25 14:21:45+00
167401,163933,2118,Nigeria,190886311,923768,51.6,380,Africa,NG,Western Africa,566,Abuja,9.082,8.6753,2021/06/25 14:21:45+00
155663,149946,5484,North Macedonia,2024000,25713,73.8,741,Europe,MK,Southern Europe,807,Skopje,41.6086,21.7453,2021/06/25 14:21:45+00
130342,17998,792,Norway,5305383,323877,78.7,460,Europe,NO,Nordic Countries,578,Oslo,60.472,8.4689,2021/06/25 14:21:45+00
256542,224077,2848,Oman,4636262,309500,71.8,310,Asia,OM,Middle East,512,Masqat,21.512583,55.923255,2021/06/25 14:21:45+00
952907,897834,22152,Pakistan,197015955,796095,61.1,900,Asia,PK,Southern and Central Asia,586,Islamabad,,,
0,0,0,Palau,21729,459,68.6,,Oceania,PW,Micronesia,585,Koror,7.515,134.5825,2021/06/25 14:21:45+00
397727,379858,6500,Panama,4098587,75517,75.5,360,North America,PA,Central America,591,Ciudad de Panam,8.538,-80.7821,2021/06/25 14:21:45+00
17079,16480,173,Papua New Guinea,8251162,462840,63.1,667,Oceania,PG,Melanesia,598,Port Moresby,-6.314993,143.95555,2021/06/25 14:21:45+00
413457,354697,12086,Paraguay,6811297,406752,73.7,178,South America,PY,South America,600,Asunci,-23.4425,-58.4438,2021/06/25 14:21:45+00
2036449,1994330,191073,Peru,32165485,1285216,70,"1,555",South America,PE,South America,604,Lima,,,
1385053,1305608,24152,Philippines,104918090,300000,67.5,442,Asia,PH,Southeast Asia,608,Manila,12.879721,121.774017,2021/06/25 14:21:45+00
2879470,2651209,74953,Poland,38170712,323250,73.2,173,Europe,PL,Eastern Europe,616,Warszawa,51.9194,19.1451,2021/06/25 14:21:45+00
869879,823103,17079,Portugal,10329506,91982,75.8,372,Europe,PT,Southern Europe,620,Lisboa,39.3999,-8.2245,2021/06/25 14:21:45+00
221465,219041,588,Qatar,2639211,11000,72.4,28,Asia,QA,Middle East,634,Doha,25.3548,51.1839,2021/06/25 14:21:45+00
1080522,1045351,32911,Romania,19679306,238391,69.9,414,Europe,RO,Eastern Europe,642,Bucuresti,45.9432,24.9668,2021/06/25 14:21:45+00
5346005,4872411,129869,Russia,143989754,17075400,67.2,,Europe,RU,Eastern Europe,,Moscow,,,
34143,26865,402,Rwanda,12208407,26338,39.3,"1,598",Africa,RW,Eastern Africa,646,Kigali,-1.9403,29.8739,2021/06/25 14:21:45+00
425,98,3,Saint Kitts and Nevis,55345,261,70.7,,North America,KN,Caribbean,659,Basseterre,17.357822,-62.782998,2021/06/25 14:21:45+00
5238,5084,84,Saint Lucia,178844,622,72.3,,North America,LC,Caribbean,662,Castries,13.9094,-60.9789,2021/06/25 14:21:45+00
2216,1967,12,Saint Vincent and the Grenadines,109897,388,72.3,,North America,VC,Caribbean,670,Kingstown,12.9843,-61.2872,2021/06/25 14:21:45+00
3,3,0,Samoa,196440,2831,69.2,,Oceania,WS,Polynesia,882,Apia,-13.759,-172.1046,2021/06/25 14:21:45+00
5090,5000,90,San Marino,33400,61,81.1,,Europe,SM,Southern Europe,674,San Marino,43.9424,12.4578,2021/06/25 14:21:45+00
2364,2317,37,Sao Tome and Principe,204327,964,65.3,,Africa,ST,Central Africa,678,S,0.1864,6.6131,2021/06/25 14:21:45+00
480702,461628,7743,Saudi Arabia,32938213,2149690,67.8,665,Asia,SA,Middle East,682,Riyadh,23.885942,45.079162,2021/06/25 14:21:45+00
42747,41118,1161,Senegal,15850567,196722,62.2,69,Africa,SN,Western Africa,686,Dakar,14.4974,-14.4524,2021/06/25 14:21:45+00
716172,0,7024,,,,,,,,,,,44.0165,21.0059,2021/06/25 14:21:45+00
14620,13323,59,Seychelles,94737,455,70.4,,Africa,SC,Eastern Africa,690,Victoria,-4.6796,55.492,2021/06/25 14:21:45+00
5155,3368,87,Sierra Leone,7557212,71740,45.3,279,Africa,SL,Western Africa,694,Freetown,8.460555,-11.779889,2021/06/25 14:21:45+00
62493,62140,35,Singapore,5708844,618,80.1,,Asia,SG,Southeast Asia,702,Singapore,1.2833,103.8333,2021/06/25 14:21:45+00
391490,255300,12505,Slovakia,5447662,49012,73.7,458,Europe,SK,Eastern Europe,703,Bratislava,48.669,19.699,2021/06/25 14:21:45+00
257210,251815,4417,Slovenia,2079976,20256,74.9,492,Europe,SI,Southern Europe,705,Ljubljana,46.1512,14.9955,2021/06/25 14:21:45+00
20,20,0,Solomon Islands,611343,28896,71.3,,Oceania,SB,Melanesia,90,Honiara,-9.6457,160.1562,2021/06/25 14:21:45+00
14875,7231,775,Somalia,14742523,637657,46.2,410,Africa,SO,Eastern Africa,706,Mogadishu,5.152149,46.199616,2021/06/25 14:21:45+00
1877143,1675827,59406,South Africa,56717156,1221037,51.1,"1,034",Africa,ZA,Southern Africa,710,Pretoria,-30.5595,22.9375,2021/06/25 14:21:45+00
10812,10514,115,South Sudan,12575714,619745,,,Africa,SS,Eastern Africa,728,Juba,6.877,31.307,2021/06/25 14:21:45+00
3777539,150376,80766,Spain,46354321,505992,78.8,660,Europe,ES,Southern Europe,724,Madrid,,,
248050,212825,2814,Sri Lanka,20876917,,,,,,,,,7.873054,80.771797,2021/06/25 14:21:45+00
36574,30423,2750,Sudan,40533330,1886068,56.6,568,Africa,SD,Northern Africa,729,Khartum,12.8628,30.2176,2021/06/25 14:21:45+00
1,0,0,,,,,,,,,,,35.6491,139.7737,2021/06/25 14:21:45+00
20723,15943,490,Suriname,563402,163265,71.4,246,South America,SR,South America,740,Paramaribo,3.9193,-56.0278,2021/06/25 14:21:45+00
1088896,0,14619,Sweden,9910701,449964,79.6,320,Europe,SE,Nordic Countries,752,Stockholm,,,
702398,317600,10880,Switzerland,8476005,41284,79.6,"1,350",Europe,CH,Western Europe,756,Bern,46.8182,8.2275,2021/06/25 14:21:45+00
25287,21774,1859,Syria,18269868,185180,68.5,514,Asia,SY,Middle East,760,Damascus,34.802075,38.996815,2021/06/25 14:21:45+00
14465,9288,610,,,,,,,,,,,23.7,121,2021/06/25 14:21:45+00
13371,13229,90,Tajikistan,8921343,143100,64.1,"3,186",Asia,TJ,Southern and Central Asia,762,Dushanbe,38.861,71.2761,2021/06/25 14:21:45+00
509,183,21,Tanzania,57310019,883749,52.3,"1,018",Africa,TZ,Eastern Africa,834,Dodoma,-6.369028,34.888822,2021/06/25 14:21:45+00
236291,26873,1819,Thailand,69037513,513115,68.6,287,Asia,TH,Southeast Asia,764,Bangkok,15.870032,100.992541,2021/06/25 14:21:45+00
8889,7966,20,,,,,,,,,,,-8.874217,125.727539,2021/06/25 14:21:45+00
13749,13379,128,Togo,7797694,56785,54.7,236,Africa,TG,Western Africa,768,Lom,8.6195,0.8248,2021/06/25 14:21:45+00
31429,23014,775,Trinidad and Tobago,1369125,5130,68,83,North America,TT,Caribbean,780,Port-of-Spain,10.6918,-61.2225,2021/06/25 14:21:45+00
395362,342598,14406,Tunisia,11532127,163610,73.7,246,Africa,TN,Northern Africa,788,Tunis,33.886917,9.537499,2021/06/25 14:21:45+00
5393248,5254708,49417,Turkey,80745020,774815,71,"1,132",Asia,TR,Middle East,792,Ankara,38.9637,35.2433,2021/06/25 14:21:45+00
75537,50350,781,Uganda,42862958,241038,42.9,,Africa,UG,Eastern Africa,800,Kampala,1.373333,32.290275,2021/06/25 14:21:45+00
2295873,2217365,54429,Ukraine,44222947,603700,66,175,Europe,UA,Eastern Europe,804,Kyiv,,,
622532,601308,1782,United Arab Emirates,9400145,83600,74.1,149,Asia,AE,Middle East,784,Abu Dhabi,23.424076,53.847818,2021/06/25 14:21:45+00
4700691,15712,128312,United Kingdom,66181585,242900,77.7,162,Europe,GB,British Isles,826,London,,,
361994,334971,5413,Uruguay,3456750,175016,75.2,109,South America,UY,South America,858,Montevideo,-32.5228,-55.7658,2021/06/25 14:21:45+00
108184,104007,725,Uzbekistan,31910641,447400,63.7,,Asia,UZ,Southern and Central Asia,860,Toskent,41.377491,64.585262,2021/06/25 14:21:45+00
4,3,1,Vanuatu,276244,12189,60.6,,Oceania,VU,Melanesia,548,Port-Vila,-15.3767,166.9592,2021/06/25 14:21:45+00
265642,246983,3023,Venezuela,31977065,912050,73.1,450,South America,VE,South America,862,Caracas,6.4238,-66.5897,2021/06/25 14:21:45+00
14435,5949,74,Vietnam,95540800,331689,69.3,398,Asia,VN,Southeast Asia,704,Hanoi,14.058324,108.277199,2021/06/25 13:21:42+00
313015,306532,3555,,,,,,,,,,,31.9522,35.2332,2021/06/25 14:21:45+00
6905,3995,1356,Yemen,28250420,527968,59.8,999,Asia,YE,Middle East,887,Sanaa,15.552727,48.516388,2021/06/25 14:21:45+00
143215,119411,1915,Zambia,17094130,752618,37.2,"1,138",Africa,ZM,Eastern Africa,894,Lusaka,-13.133897,27.849332,2021/06/25 14:21:45+00
44306,37524,1709,Zimbabwe,16529904,390757,37.8,961,Africa,ZW,Eastern Africa,716,Harare,-19.015438,29.154857,2021/06/25 14:21:45+00
33591670,0,603187,US,324459463,9363520,77.1,760,North America,US,North America,840,Washington,,,
180087836.0,117862642.0,3902331.0,,7444509223.0,,,,,,,,,,,
